accuracy,precision,recall,macro f1,micro f1
0.295,0.29500000000000004,0.29500000000000004,0.29500000000000004,0.295
