accuracy,precision,recall,macro f1,micro f1
0.2775,0.27750089585572973,0.2775,0.27749918228655596,0.2775
