accuracy,precision,recall,macro f1,micro f1
0.2633333333333333,0.26331456203071746,0.2633333333333333,0.26332343222978477,0.2633333333333333
