accuracy,precision,recall,macro f1,micro f1
0.2875,0.28750000000000003,0.28750000000000003,0.28750000000000003,0.2875
