accuracy,precision,recall,macro f1,micro f1
0.25666666666666665,0.25666666666666665,0.25666666666666665,0.25666666666666665,0.25666666666666665
